[{"countryLabel":"Norway","neighborLabel":"Finland"},{"countryLabel":"Norway","neighborLabel":"Russia"},{"countryLabel":"Hungary","neighborLabel":"Serbia"},{"countryLabel":"Ireland","neighborLabel":"United Kingdom"},{"countryLabel":"Hungary","neighborLabel":"Austria"},{"countryLabel":"Hungary","neighborLabel":"Ukraine"},{"countryLabel":"Ireland","neighborLabel":"United Kingdom"},{"countryLabel":"Belgium","neighborLabel":"Germany"},{"countryLabel":"Luxembourg","neighborLabel":"Germany"},{"countryLabel":"Norway","neighborLabel":"Finland"},{"countryLabel":"Ireland","neighborLabel":"United Kingdom"},{"countryLabel":"Spain","neighborLabel":"Portugal"},{"countryLabel":"Hungary","neighborLabel":"Croatia"},{"countryLabel":"Finland","neighborLabel":"Norway"},{"countryLabel":"Finland","neighborLabel":"Sweden"},{"countryLabel":"Hungary","neighborLabel":"Romania"},{"countryLabel":"Denmark","neighborLabel":"Sweden"},{"countryLabel":"Denmark","neighborLabel":"Sweden"},{"countryLabel":"Hungary","neighborLabel":"Slovakia"},{"countryLabel":"Finland","neighborLabel":"Russia"},{"countryLabel":"Spain","neighborLabel":"France"},{"countryLabel":"Denmark","neighborLabel":"Norway"},{"countryLabel":"Denmark","neighborLabel":"Norway"},{"countryLabel":"Hungary","neighborLabel":"Slovenia"},{"countryLabel":"Sweden","neighborLabel":"Denmark"},{"countryLabel":"Hungary","neighborLabel":"Croatia"},{"countryLabel":"Belgium","neighborLabel":"Kingdom of the Netherlands"},{"countryLabel":"Norway","neighborLabel":"Sweden"},{"countryLabel":"Denmark","neighborLabel":"Germany"},{"countryLabel":"Denmark","neighborLabel":"Germany"},{"countryLabel":"Belgium","neighborLabel":"Luxembourg"},{"countryLabel":"Poland","neighborLabel":"Germany"},{"countryLabel":"Belgium","neighborLabel":"Kingdom of the Netherlands"},{"countryLabel":"Belgium","neighborLabel":"France"},{"countryLabel":"Spain","neighborLabel":"France"},{"countryLabel":"Spain","neighborLabel":"Portugal"},{"countryLabel":"Luxembourg","neighborLabel":"Belgium"},{"countryLabel":"Luxembourg","neighborLabel":"France"},{"countryLabel":"Sweden","neighborLabel":"Finland"},{"countryLabel":"Luxembourg","neighborLabel":"France"},{"countryLabel":"Turkey","neighborLabel":"Greece"},{"countryLabel":"Denmark","neighborLabel":"Germany"},{"countryLabel":"Denmark","neighborLabel":"Germany"},{"countryLabel":"Denmark","neighborLabel":"Germany"},{"countryLabel":"Luxembourg","neighborLabel":"Germany"},{"countryLabel":"France","neighborLabel":"Germany"},{"countryLabel":"Finland","neighborLabel":"Norway"},{"countryLabel":"Finland","neighborLabel":"Sweden"},{"countryLabel":"Finland","neighborLabel":"Russia"},{"countryLabel":"Austria","neighborLabel":"Germany"},{"countryLabel":"Spain","neighborLabel":"Andorra"},{"countryLabel":"Turkey","neighborLabel":"Bulgaria"},{"countryLabel":"Poland","neighborLabel":"Russia"},{"countryLabel":"Switzerland","neighborLabel":"Liechtenstein"},{"countryLabel":"Austria","neighborLabel":"Liechtenstein"},{"countryLabel":"France","neighborLabel":"Germany"},{"countryLabel":"Poland","neighborLabel":"Germany"},{"countryLabel":"Denmark","neighborLabel":"Germany"},{"countryLabel":"Poland","neighborLabel":"Lithuania"},{"countryLabel":"Turkey","neighborLabel":"Azerbaijan"},{"countryLabel":"Poland","neighborLabel":"Belarus"},{"countryLabel":"Switzerland","neighborLabel":"Germany"},{"countryLabel":"Lithuania","neighborLabel":"Latvia"},{"countryLabel":"Belgium","neighborLabel":"France"},{"countryLabel":"Belgium","neighborLabel":"Germany"},{"countryLabel":"Italy","neighborLabel":"Malta"},{"countryLabel":"Italy","neighborLabel":"Vatican City"},{"countryLabel":"Poland","neighborLabel":"Slovakia"},{"countryLabel":"Italy","neighborLabel":"France"},{"countryLabel":"Turkey","neighborLabel":"Georgia"},{"countryLabel":"Turkey","neighborLabel":"Georgia"},{"countryLabel":"Italy","neighborLabel":"San Marino"},{"countryLabel":"Sweden","neighborLabel":"Denmark"},{"countryLabel":"Russia","neighborLabel":"Latvia"},{"countryLabel":"Sweden","neighborLabel":"Finland"},{"countryLabel":"Lithuania","neighborLabel":"Poland"},{"countryLabel":"Poland","neighborLabel":"Czech Republic"},{"countryLabel":"Turkey","neighborLabel":"Armenia"},{"countryLabel":"Turkey","neighborLabel":"Armenia"},{"countryLabel":"Switzerland","neighborLabel":"France"},{"countryLabel":"Poland","neighborLabel":"Ukraine"},{"countryLabel":"Belarus","neighborLabel":"Latvia"},{"countryLabel":"Austria","neighborLabel":"Hungary"},{"countryLabel":"Germany","neighborLabel":"Denmark"},{"countryLabel":"Germany","neighborLabel":"Denmark"},{"countryLabel":"Portugal","neighborLabel":"Spain"},{"countryLabel":"Lithuania","neighborLabel":"Russia"},{"countryLabel":"Denmark","neighborLabel":"Norway"},{"countryLabel":"Lithuania","neighborLabel":"Belarus"},{"countryLabel":"Sweden","neighborLabel":"Denmark"},{"countryLabel":"Sweden","neighborLabel":"Norway"},{"countryLabel":"Russia","neighborLabel":"Finland"},{"countryLabel":"Lithuania","neighborLabel":"Latvia"},{"countryLabel":"France","neighborLabel":"Kingdom of the Netherlands"},{"countryLabel":"Greece","neighborLabel":"Turkey"},{"countryLabel":"Byzantine Empire","neighborLabel":"Western Roman Empire (395-476 AD)"},{"countryLabel":"Czech Republic","neighborLabel":"Germany"},{"countryLabel":"Italy","neighborLabel":"Austria"},{"countryLabel":"France","neighborLabel":"Spain"},{"countryLabel":"United Kingdom","neighborLabel":"Ireland"},{"countryLabel":"Danish Realm","neighborLabel":"Germany"},{"countryLabel":"Portugal","neighborLabel":"Spain"},{"countryLabel":"Estonia","neighborLabel":"Latvia"},{"countryLabel":"Italy","neighborLabel":"Switzerland"},{"countryLabel":"France","neighborLabel":"Belgium"},{"countryLabel":"France","neighborLabel":"Luxembourg"},{"countryLabel":"Italy","neighborLabel":"France"},{"countryLabel":"France","neighborLabel":"Spain"},{"countryLabel":"Denmark","neighborLabel":"Sweden"},{"countryLabel":"France","neighborLabel":"Belgium"},{"countryLabel":"France","neighborLabel":"Kingdom of the Netherlands"},{"countryLabel":"France","neighborLabel":"Luxembourg"},{"countryLabel":"Western Roman Empire (395-476 AD)","neighborLabel":"Byzantine Empire"},{"countryLabel":"Switzerland","neighborLabel":"Italy"},{"countryLabel":"Italy","neighborLabel":"Slovenia"},{"countryLabel":"France","neighborLabel":"Switzerland"},{"countryLabel":"France","neighborLabel":"Italy"},{"countryLabel":"Switzerland","neighborLabel":"Austria"},{"countryLabel":"Germany","neighborLabel":"Belgium"},{"countryLabel":"Kingdom of the Netherlands","neighborLabel":"Germany"},{"countryLabel":"Switzerland","neighborLabel":"France"},{"countryLabel":"United Kingdom","neighborLabel":"Ireland"},{"countryLabel":"United Kingdom","neighborLabel":"Ireland"},{"countryLabel":"Germany","neighborLabel":"Luxembourg"},{"countryLabel":"France","neighborLabel":"Andorra"},{"countryLabel":"France","neighborLabel":"Andorra"},{"countryLabel":"Switzerland","neighborLabel":"Germany"},{"countryLabel":"Germany","neighborLabel":"Denmark"},{"countryLabel":"Germany","neighborLabel":"Denmark"},{"countryLabel":"France","neighborLabel":"Germany"},{"countryLabel":"Germany","neighborLabel":"Denmark"},{"countryLabel":"Austria","neighborLabel":"Germany"},{"countryLabel":"Austria","neighborLabel":"Italy"},{"countryLabel":"Germany","neighborLabel":"Belgium"},{"countryLabel":"Austria","neighborLabel":"Czech Republic"},{"countryLabel":"Germany","neighborLabel":"Luxembourg"},{"countryLabel":"France","neighborLabel":"Monaco"},{"countryLabel":"France","neighborLabel":"Monaco"},{"countryLabel":"Germany","neighborLabel":"Poland"},{"countryLabel":"Austria","neighborLabel":"Slovakia"},{"countryLabel":"Germany","neighborLabel":"Switzerland"},{"countryLabel":"Austria","neighborLabel":"Switzerland"},{"countryLabel":"Germany","neighborLabel":"Denmark"},{"countryLabel":"France","neighborLabel":"Kingdom of the Netherlands"},{"countryLabel":"France","neighborLabel":"Kingdom of the Netherlands"},{"countryLabel":"Austria","neighborLabel":"Slovenia"},{"countryLabel":"Germany","neighborLabel":"Austria"},{"countryLabel":"Germany","neighborLabel":"Poland"},{"countryLabel":"Russia","neighborLabel":"Norway"},{"countryLabel":"Germany","neighborLabel":"France"},{"countryLabel":"Germany","neighborLabel":"France"},{"countryLabel":"Germany","neighborLabel":"France"},{"countryLabel":"Russia","neighborLabel":"Finland"},{"countryLabel":"Russia","neighborLabel":"Lithuania"},{"countryLabel":"Germany","neighborLabel":"France"},{"countryLabel":"Germany","neighborLabel":"Austria"},{"countryLabel":"Greece","neighborLabel":"Turkey"},{"countryLabel":"Germany","neighborLabel":"Switzerland"},{"countryLabel":"Germany","neighborLabel":"Czech Republic"},{"countryLabel":"Latvia","neighborLabel":"Sweden"},{"countryLabel":"Latvia","neighborLabel":"Lithuania"},{"countryLabel":"Greece","neighborLabel":"Bulgaria"},{"countryLabel":"Belarus","neighborLabel":"Poland"},{"countryLabel":"Croatia","neighborLabel":"Slovenia"},{"countryLabel":"Belarus","neighborLabel":"Russia"},{"countryLabel":"Greece","neighborLabel":"North Macedonia"},{"countryLabel":"Estonia","neighborLabel":"Russia"},{"countryLabel":"Latvia","neighborLabel":"Russia"},{"countryLabel":"Latvia","neighborLabel":"Estonia"},{"countryLabel":"Greece","neighborLabel":"Albania"},{"countryLabel":"Croatia","neighborLabel":"Bosnia and Herzegovina"},{"countryLabel":"Belarus","neighborLabel":"Lithuania"},{"countryLabel":"Croatia","neighborLabel":"Montenegro"},{"countryLabel":"Croatia","neighborLabel":"Serbia"},{"countryLabel":"Croatia","neighborLabel":"Hungary"},{"countryLabel":"Latvia","neighborLabel":"Sweden"},{"countryLabel":"Latvia","neighborLabel":"Russia"},{"countryLabel":"Ukraine","neighborLabel":"Poland"},{"countryLabel":"Latvia","neighborLabel":"Lithuania"},{"countryLabel":"Latvia","neighborLabel":"Belarus"},{"countryLabel":"Andorra","neighborLabel":"Spain"},{"countryLabel":"Ukraine","neighborLabel":"Hungary"},{"countryLabel":"Turkey","neighborLabel":"Greece"},{"countryLabel":"Turkey","neighborLabel":"Bulgaria"},{"countryLabel":"Andorra","neighborLabel":"France"},{"countryLabel":"Georgia","neighborLabel":"Turkey"},{"countryLabel":"Ukraine","neighborLabel":"Russia"},{"countryLabel":"Georgia","neighborLabel":"Russia"},{"countryLabel":"Turkey","neighborLabel":"Azerbaijan"},{"countryLabel":"France","neighborLabel":"Italy"},{"countryLabel":"Georgia","neighborLabel":"Armenia"},{"countryLabel":"Montenegro","neighborLabel":"Albania"},{"countryLabel":"Montenegro","neighborLabel":"Albania"},{"countryLabel":"France","neighborLabel":"Germany"},{"countryLabel":"Czech Republic","neighborLabel":"Austria"},{"countryLabel":"France","neighborLabel":"Switzerland"},{"countryLabel":"Kazakhstan","neighborLabel":"Russia"},{"countryLabel":"Czech Republic","neighborLabel":"Poland"},{"countryLabel":"Georgia","neighborLabel":"Azerbaijan"},{"countryLabel":"Slovakia","neighborLabel":"Hungary"},{"countryLabel":"Slovakia","neighborLabel":"Poland"},{"countryLabel":"Malta","neighborLabel":"Italy"},{"countryLabel":"Monaco","neighborLabel":"France"},{"countryLabel":"Montenegro","neighborLabel":"Croatia"},{"countryLabel":"Montenegro","neighborLabel":"Croatia"},{"countryLabel":"Slovakia","neighborLabel":"Austria"},{"countryLabel":"Russia","neighborLabel":"Poland"},{"countryLabel":"Slovenia","neighborLabel":"Hungary"},{"countryLabel":"Montenegro","neighborLabel":"Bosnia and Herzegovina"},{"countryLabel":"Montenegro","neighborLabel":"Bosnia and Herzegovina"},{"countryLabel":"Russia","neighborLabel":"Belarus"},{"countryLabel":"Montenegro","neighborLabel":"Serbia"},{"countryLabel":"Montenegro","neighborLabel":"Serbia"},{"countryLabel":"Russia","neighborLabel":"Latvia"},{"countryLabel":"Russia","neighborLabel":"Estonia"},{"countryLabel":"Liechtenstein","neighborLabel":"Switzerland"},{"countryLabel":"Slovenia","neighborLabel":"Italy"},{"countryLabel":"Vatican City","neighborLabel":"Italy"},{"countryLabel":"Slovenia","neighborLabel":"Austria"},{"countryLabel":"Liechtenstein","neighborLabel":"Austria"},{"countryLabel":"Russia","neighborLabel":"Ukraine"},{"countryLabel":"Romania","neighborLabel":"Hungary"},{"countryLabel":"San Marino","neighborLabel":"Italy"},{"countryLabel":"Russia","neighborLabel":"Kazakhstan"},{"countryLabel":"Russia","neighborLabel":"Azerbaijan"},{"countryLabel":"North Macedonia","neighborLabel":"Greece"},{"countryLabel":"Bulgaria","neighborLabel":"Turkey"},{"countryLabel":"Bulgaria","neighborLabel":"Turkey"},{"countryLabel":"Belarus","neighborLabel":"Latvia"},{"countryLabel":"Russia","neighborLabel":"Georgia"},{"countryLabel":"Bulgaria","neighborLabel":"Greece"},{"countryLabel":"Slovenia","neighborLabel":"Croatia"},{"countryLabel":"Armenia","neighborLabel":"Turkey"},{"countryLabel":"Belarus","neighborLabel":"Ukraine"},{"countryLabel":"Armenia","neighborLabel":"Georgia"},{"countryLabel":"Armenia","neighborLabel":"Azerbaijan"},{"countryLabel":"Croatia","neighborLabel":"Hungary"},{"countryLabel":"Albania","neighborLabel":"Greece"},{"countryLabel":"Estonia","neighborLabel":"Latvia"},{"countryLabel":"Serbia","neighborLabel":"Romania"},{"countryLabel":"Serbia","neighborLabel":"North Macedonia"},{"countryLabel":"Croatia","neighborLabel":"Montenegro"},{"countryLabel":"Croatia","neighborLabel":"Montenegro"},{"countryLabel":"Serbia","neighborLabel":"Albania"},{"countryLabel":"Latvia","neighborLabel":"Estonia"},{"countryLabel":"Albania","neighborLabel":"Montenegro"},{"countryLabel":"Germany","neighborLabel":"Czech Republic"},{"countryLabel":"Serbia","neighborLabel":"Bulgaria"},{"countryLabel":"Serbia","neighborLabel":"Bosnia and Herzegovina"},{"countryLabel":"Latvia","neighborLabel":"Belarus"},{"countryLabel":"Serbia","neighborLabel":"Croatia"},{"countryLabel":"Serbia","neighborLabel":"Hungary"},{"countryLabel":"Ukraine","neighborLabel":"Slovakia"},{"countryLabel":"Ukraine","neighborLabel":"Belarus"},{"countryLabel":"Serbia","neighborLabel":"Montenegro"},{"countryLabel":"Azerbaijan","neighborLabel":"Turkey"},{"countryLabel":"Azerbaijan","neighborLabel":"Turkey"},{"countryLabel":"Bosnia and Herzegovina","neighborLabel":"Croatia"},{"countryLabel":"Kingdom of the Netherlands","neighborLabel":"France"},{"countryLabel":"Kingdom of the Netherlands","neighborLabel":"Belgium"},{"countryLabel":"Ukraine","neighborLabel":"Moldova"},{"countryLabel":"Azerbaijan","neighborLabel":"Russia"},{"countryLabel":"Bosnia and Herzegovina","neighborLabel":"Montenegro"},{"countryLabel":"Ukraine","neighborLabel":"Romania"},{"countryLabel":"Czech Republic","neighborLabel":"Slovakia"},{"countryLabel":"Slovakia","neighborLabel":"Czech Republic"},{"countryLabel":"Andorra","neighborLabel":"France"},{"countryLabel":"Kingdom of the Netherlands","neighborLabel":"Germany"},{"countryLabel":"Czech Republic","neighborLabel":"Germany"},{"countryLabel":"Georgia","neighborLabel":"Turkey"},{"countryLabel":"Slovakia","neighborLabel":"Ukraine"},{"countryLabel":"Monaco","neighborLabel":"France"},{"countryLabel":"Danish Realm","neighborLabel":"Norway"},{"countryLabel":"Danish Realm","neighborLabel":"Sweden"},{"countryLabel":"Slovenia","neighborLabel":"Croatia"},{"countryLabel":"Montenegro","neighborLabel":"Croatia"},{"countryLabel":"Montenegro","neighborLabel":"Croatia"},{"countryLabel":"Danish Realm","neighborLabel":"Poland"},{"countryLabel":"Romania","neighborLabel":"Serbia"},{"countryLabel":"Romania","neighborLabel":"Moldova"},{"countryLabel":"Romania","neighborLabel":"Bulgaria"},{"countryLabel":"Serbia","neighborLabel":"Montenegro"},{"countryLabel":"Danish Realm","neighborLabel":"United Kingdom"},{"countryLabel":"Danish Realm","neighborLabel":"United Kingdom"},{"countryLabel":"Danish Realm","neighborLabel":"United Kingdom"},{"countryLabel":"Serbia","neighborLabel":"Croatia"},{"countryLabel":"Armenia","neighborLabel":"Turkey"},{"countryLabel":"Romania","neighborLabel":"Ukraine"},{"countryLabel":"Bulgaria","neighborLabel":"Romania"},{"countryLabel":"North Macedonia","neighborLabel":"Serbia"},{"countryLabel":"Danish Realm","neighborLabel":"Germany"},{"countryLabel":"North Macedonia","neighborLabel":"Bulgaria"},{"countryLabel":"Bulgaria","neighborLabel":"North Macedonia"},{"countryLabel":"Bulgaria","neighborLabel":"Serbia"},{"countryLabel":"Danish Realm","neighborLabel":"Iceland"},{"countryLabel":"Kingdom of the Netherlands","neighborLabel":"Belgium"},{"countryLabel":"North Macedonia","neighborLabel":"Albania"},{"countryLabel":"Danish Realm","neighborLabel":"Sweden"},{"countryLabel":"Kingdom of the Netherlands","neighborLabel":"France"},{"countryLabel":"Kingdom of the Netherlands","neighborLabel":"France"},{"countryLabel":"Kingdom of the Netherlands","neighborLabel":"France"},{"countryLabel":"Danish Realm","neighborLabel":"Poland"},{"countryLabel":"Danish Realm","neighborLabel":"United Kingdom"},{"countryLabel":"Danish Realm","neighborLabel":"United Kingdom"},{"countryLabel":"Danish Realm","neighborLabel":"United Kingdom"},{"countryLabel":"Danish Realm","neighborLabel":"Norway"},{"countryLabel":"Kingdom of the Netherlands","neighborLabel":"Germany"},{"countryLabel":"Kingdom of the Netherlands","neighborLabel":"Germany"},{"countryLabel":"Moldova","neighborLabel":"Ukraine"},{"countryLabel":"Albania","neighborLabel":"North Macedonia"},{"countryLabel":"Albania","neighborLabel":"Montenegro"},{"countryLabel":"Croatia","neighborLabel":"Slovenia"},{"countryLabel":"Moldova","neighborLabel":"Romania"},{"countryLabel":"Albania","neighborLabel":"Serbia"},{"countryLabel":"Croatia","neighborLabel":"Montenegro"},{"countryLabel":"Croatia","neighborLabel":"Bosnia and Herzegovina"},{"countryLabel":"Danish Realm","neighborLabel":"Germany"},{"countryLabel":"Danish Realm","neighborLabel":"Germany"},{"countryLabel":"Croatia","neighborLabel":"Serbia"},{"countryLabel":"Bosnia and Herzegovina","neighborLabel":"Croatia"},{"countryLabel":"Danish Realm","neighborLabel":"Iceland"},{"countryLabel":"Bosnia and Herzegovina","neighborLabel":"Montenegro"},{"countryLabel":"Azerbaijan","neighborLabel":"Georgia"},{"countryLabel":"Bosnia and Herzegovina","neighborLabel":"Serbia"},{"countryLabel":"Azerbaijan","neighborLabel":"Armenia"}]